{
  "catboost": {
    "natural_prevalence": {
      "mean": 0.0014295914938556066,
      "median": 0.001327584965437788,
      "std": 0.00034446289686113735,
      "min": 0.001068068356374808,
      "max": 0.0018931211597542242,
      "coefficient_of_variation": 0.24095197707991486
    },
    "pr_auc": {
      "mean": 0.003568385717732561,
      "median": 0.003138081232047388,
      "std": 0.001720716105723121,
      "min": 0.0017093093299893516,
      "max": 0.005857766591160944,
      "coefficient_of_variation": 0.48221135321001835
    },
    "roc_auc": {
      "mean": 0.632496025009362,
      "median": 0.6594203622476268,
      "std": 0.041751216805287296,
      "min": 0.5735249978537502,
      "max": 0.6645427149267091,
      "coefficient_of_variation": 0.06601024378717528
    },
    "precision_at_10": {
      "mean": 0.0005952380952380953,
      "median": 0.0,
      "std": 0.0008417937871268424,
      "min": 0.0,
      "max": 0.0017857142857142859,
      "coefficient_of_variation": 1.4142135623730951
    },
    "precision_at_20": {
      "mean": 0.003075396825396826,
      "median": 0.0011904761904761906,
      "std": 0.003540985773328323,
      "min": 0.0,
      "max": 0.008035714285714287,
      "coefficient_of_variation": 1.1513915030693382
    },
    "precision_at_50": {
      "mean": 0.005158730158730159,
      "median": 0.006190476190476191,
      "std": 0.0038604401609572416,
      "min": 0.0,
      "max": 0.009285714285714286,
      "coefficient_of_variation": 0.7483314773547883
    },
    "recall_at_1pct": {
      "mean": 0.03398311344739916,
      "median": 0.042723149866007004,
      "std": 0.024956316328462718,
      "min": 0.0,
      "max": 0.059226190476190474,
      "coefficient_of_variation": 0.734374040421323
    },
    "recall_at_5pct": {
      "mean": 0.1922413001719724,
      "median": 0.15707199546485257,
      "std": 0.0708755551985819,
      "min": 0.12854030501089322,
      "max": 0.2911116000401715,
      "coefficient_of_variation": 0.3686801698447684
    },
    "recall_at_10pct": {
      "mean": 0.29076700675090034,
      "median": 0.2660675381263617,
      "std": 0.03547008779933371,
      "min": 0.26530612244897955,
      "max": 0.3409273596773597,
      "coefficient_of_variation": 0.12198800749674078
    },
    "lift_at_1pct": {
      "mean": 3.3711248539819976,
      "median": 4.238136466707895,
      "std": 2.475666579783502,
      "min": 0.0,
      "max": 5.875238095238096,
      "coefficient_of_variation": 0.7343740404213229
    },
    "lift_at_5pct": {
      "mean": 3.833233563228074,
      "median": 3.131968231178569,
      "std": 1.413237201145592,
      "min": 2.563054926046354,
      "max": 5.804677532459299,
      "coefficient_of_variation": 0.36868016984476815
    },
    "lift_at_10pct": {
      "mean": 2.9062052463163037,
      "median": 2.659334990643333,
      "std": 0.3545221873747006,
      "min": 2.651724669716753,
      "max": 3.4075560785888244,
      "coefficient_of_variation": 0.12198800749674077
    }
  },
  "baseline": {
    "natural_prevalence": {
      "mean": 0.0014295914938556066,
      "median": 0.001327584965437788,
      "std": 0.00034446289686113735,
      "min": 0.001068068356374808,
      "max": 0.0018931211597542242,
      "coefficient_of_variation": 0.24095197707991486
    },
    "pr_auc": {
      "mean": 0.005774020410227241,
      "median": 0.007091728992996992,
      "std": 0.0030224995920905195,
      "min": 0.0015936623570309088,
      "max": 0.00863666988065382,
      "coefficient_of_variation": 0.5234653460415403
    },
    "roc_auc": {
      "mean": 0.5762191236411145,
      "median": 0.6065305932527145,
      "std": 0.04340746415855518,
      "min": 0.5148332793340039,
      "max": 0.607293498336625,
      "coefficient_of_variation": 0.07533152298775592
    },
    "precision_at_10": {
      "mean": 0.014285714285714285,
      "median": 0.014285714285714287,
      "std": 0.011664236870396087,
      "min": 0.0,
      "max": 0.02857142857142857,
      "coefficient_of_variation": 0.816496580927726
    },
    "precision_at_20": {
      "mean": 0.009523809523809523,
      "median": 0.0071428571428571435,
      "std": 0.008908708063747477,
      "min": 0.0,
      "max": 0.021428571428571425,
      "coefficient_of_variation": 0.9354143466934852
    },
    "precision_at_50": {
      "mean": 0.006666666666666668,
      "median": 0.005714285714285715,
      "std": 0.005870870479018073,
      "min": 0.0,
      "max": 0.014285714285714287,
      "coefficient_of_variation": 0.8806305718527108
    },
    "recall_at_1pct": {
      "mean": 0.045846129179462514,
      "median": 0.047704081632653064,
      "std": 0.03669822538743081,
      "min": 0.0,
      "max": 0.08983430590573446,
      "coefficient_of_variation": 0.8004650783881303
    },
    "recall_at_5pct": {
      "mean": 0.17348411370937047,
      "median": 0.23410572562358276,
      "std": 0.09335219000228302,
      "min": 0.041607013175640625,
      "max": 0.24473960232888806,
      "coefficient_of_variation": 0.5381022389097334
    },
    "recall_at_10pct": {
      "mean": 0.3052581272731833,
      "median": 0.3149730725623583,
      "std": 0.028424391054921696,
      "min": 0.2666199813258636,
      "max": 0.33418132793132793,
      "coefficient_of_variation": 0.0931159190054389
    },
    "lift_at_1pct": {
      "mean": 4.547936014602681,
      "median": 4.732244897959184,
      "std": 3.640463958433137,
      "min": 0.0,
      "max": 8.91156314584886,
      "coefficient_of_variation": 0.8004650783881305
    },
    "lift_at_5pct": {
      "mean": 3.459220920596895,
      "median": 4.667997584293349,
      "std": 1.8614145222565783,
      "min": 0.829631297894181,
      "max": 4.880033879603155,
      "coefficient_of_variation": 0.5381022389097334
    },
    "lift_at_10pct": {
      "mean": 3.051043448413076,
      "median": 3.148143959514956,
      "std": 0.28410071462450665,
      "min": 2.664856639549187,
      "max": 3.3401297461750863,
      "coefficient_of_variation": 0.0931159190054388
    }
  }
}