{
  "autumn": {
    "catboost": {
      "natural_prevalence": 0.0018931211597542242,
      "pr_auc": 0.005857766591160944,
      "roc_auc": 0.6645427149267091,
      "precision_at_10": 0.0,
      "precision_at_20": 0.008035714285714287,
      "precision_at_50": 0.009285714285714286,
      "recall_at_1pct": 0.042723149866007004,
      "recall_at_5pct": 0.2911116000401715,
      "recall_at_10pct": 0.3409273596773597,
      "lift_at_1pct": 4.238136466707895,
      "lift_at_5pct": 5.804677532459299,
      "lift_at_10pct": 3.4075560785888244
    },
    "baseline": {
      "natural_prevalence": 0.0018931211597542242,
      "pr_auc": 0.00863666988065382,
      "roc_auc": 0.607293498336625,
      "precision_at_10": 0.02857142857142857,
      "precision_at_20": 0.021428571428571425,
      "precision_at_50": 0.014285714285714287,
      "recall_at_1pct": 0.08983430590573446,
      "recall_at_5pct": 0.24473960232888806,
      "recall_at_10pct": 0.33418132793132793,
      "lift_at_1pct": 8.91156314584886,
      "lift_at_5pct": 4.880033879603155,
      "lift_at_10pct": 3.3401297461750863
    },
    "rows": 666624,
    "timestamps": 168
  },
  "winter": {
    "catboost": {
      "natural_prevalence": 0.001068068356374808,
      "pr_auc": 0.0017093093299893516,
      "roc_auc": 0.5735249978537502,
      "precision_at_10": 0.0,
      "precision_at_20": 0.0,
      "precision_at_50": 0.0,
      "recall_at_1pct": 0.0,
      "recall_at_5pct": 0.12854030501089322,
      "recall_at_10pct": 0.2660675381263617,
      "lift_at_1pct": 0.0,
      "lift_at_5pct": 2.563054926046354,
      "lift_at_10pct": 2.659334990643333
    },
    "baseline": {
      "natural_prevalence": 0.001068068356374808,
      "pr_auc": 0.0015936623570309088,
      "roc_auc": 0.5148332793340039,
      "precision_at_10": 0.0,
      "precision_at_20": 0.0,
      "precision_at_50": 0.0,
      "recall_at_1pct": 0.0,
      "recall_at_5pct": 0.041607013175640625,
      "recall_at_10pct": 0.2666199813258636,
      "lift_at_1pct": 0.0,
      "lift_at_5pct": 0.829631297894181,
      "lift_at_10pct": 2.664856639549187
    },
    "rows": 666624,
    "timestamps": 168
  },
  "spring": {
    "catboost": {
      "natural_prevalence": 0.001327584965437788,
      "pr_auc": 0.003138081232047388,
      "roc_auc": 0.6594203622476268,
      "precision_at_10": 0.0017857142857142859,
      "precision_at_20": 0.0011904761904761906,
      "precision_at_50": 0.006190476190476191,
      "recall_at_1pct": 0.059226190476190474,
      "recall_at_5pct": 0.15707199546485257,
      "recall_at_10pct": 0.26530612244897955,
      "lift_at_1pct": 5.875238095238096,
      "lift_at_5pct": 3.131968231178569,
      "lift_at_10pct": 2.651724669716753
    },
    "baseline": {
      "natural_prevalence": 0.001327584965437788,
      "pr_auc": 0.007091728992996992,
      "roc_auc": 0.6065305932527145,
      "precision_at_10": 0.014285714285714287,
      "precision_at_20": 0.0071428571428571435,
      "precision_at_50": 0.005714285714285715,
      "recall_at_1pct": 0.047704081632653064,
      "recall_at_5pct": 0.23410572562358276,
      "recall_at_10pct": 0.3149730725623583,
      "lift_at_1pct": 4.732244897959184,
      "lift_at_5pct": 4.667997584293349,
      "lift_at_10pct": 3.148143959514956
    },
    "rows": 666624,
    "timestamps": 168
  }
}