{
  "grid": {
    "rows": 666624,
    "timestamps": 168,
    "segments": 3968
  },
  "production_fingerprint": {
    "model_hash": "0c8e1b88b1cfaf95fb39e395e2fdc54f1b7abda22d8ac00e1d6f561ab9110a0c",
    "feature_order_hash": "bf0ce06aface9fc3539a95df2557728e57d987a9e0c0e5ac4a195a53b47f6d96"
  },
  "catboost": {
    "natural_prevalence": 0.0018931211597542242,
    "pr_auc": 0.005857766591160944,
    "roc_auc": 0.6645427149267091,
    "precision_at_10": 0.0,
    "precision_at_20": 0.008035714285714287,
    "precision_at_50": 0.009285714285714286,
    "recall_at_1pct": 0.042723149866007004,
    "recall_at_5pct": 0.2911116000401715,
    "recall_at_10pct": 0.3409273596773597,
    "lift_at_1pct": 4.238136466707895,
    "lift_at_5pct": 5.804677532459299,
    "lift_at_10pct": 3.4075560785888244
  },
  "baseline": {
    "natural_prevalence": 0.0018931211597542242,
    "pr_auc": 0.00863666988065382,
    "roc_auc": 0.607293498336625,
    "precision_at_10": 0.02857142857142857,
    "precision_at_20": 0.021428571428571425,
    "precision_at_50": 0.014285714285714287,
    "recall_at_1pct": 0.08983430590573446,
    "recall_at_5pct": 0.24473960232888806,
    "recall_at_10pct": 0.33418132793132793,
    "lift_at_1pct": 8.91156314584886,
    "lift_at_5pct": 4.880033879603155,
    "lift_at_10pct": 3.3401297461750863
  },
  "comparison": {
    "natural_prevalence": {
      "catboost": 0.0018931211597542242,
      "baseline": 0.0018931211597542242,
      "absolute_difference": 0.0,
      "relative_improvement_pct": 0.0
    },
    "pr_auc": {
      "catboost": 0.005857766591160944,
      "baseline": 0.00863666988065382,
      "absolute_difference": -0.002778903289492876,
      "relative_improvement_pct": -32.1756339873269
    },
    "roc_auc": {
      "catboost": 0.6645427149267091,
      "baseline": 0.607293498336625,
      "absolute_difference": 0.057249216590084084,
      "relative_improvement_pct": 9.426943767204737
    },
    "precision_at_10": {
      "catboost": 0.0,
      "baseline": 0.02857142857142857,
      "absolute_difference": -0.02857142857142857,
      "relative_improvement_pct": -100.0
    },
    "precision_at_20": {
      "catboost": 0.008035714285714287,
      "baseline": 0.021428571428571425,
      "absolute_difference": -0.013392857142857139,
      "relative_improvement_pct": -62.499999999999986
    },
    "precision_at_50": {
      "catboost": 0.009285714285714286,
      "baseline": 0.014285714285714287,
      "absolute_difference": -0.005000000000000001,
      "relative_improvement_pct": -35.0
    },
    "recall_at_1pct": {
      "catboost": 0.042723149866007004,
      "baseline": 0.08983430590573446,
      "absolute_difference": -0.04711115603972746,
      "relative_improvement_pct": -52.442277551698844
    },
    "recall_at_5pct": {
      "catboost": 0.2911116000401715,
      "baseline": 0.24473960232888806,
      "absolute_difference": 0.04637199771128345,
      "relative_improvement_pct": 18.947484293517576
    },
    "recall_at_10pct": {
      "catboost": 0.3409273596773597,
      "baseline": 0.33418132793132793,
      "absolute_difference": 0.006746031746031778,
      "relative_improvement_pct": 2.0186740497416547
    },
    "lift_at_1pct": {
      "catboost": 4.238136466707895,
      "baseline": 8.91156314584886,
      "absolute_difference": -4.673426679140964,
      "relative_improvement_pct": -52.442277551698844
    },
    "lift_at_5pct": {
      "catboost": 5.804677532459299,
      "baseline": 4.880033879603155,
      "absolute_difference": 0.9246436528561439,
      "relative_improvement_pct": 18.947484293517572
    },
    "lift_at_10pct": {
      "catboost": 3.4075560785888244,
      "baseline": 3.3401297461750863,
      "absolute_difference": 0.06742633241373808,
      "relative_improvement_pct": 2.0186740497416493
    }
  },
  "precision10_investigation": {
    "unique_segments_in_top10": 11,
    "top10_positive_rows": 0,
    "positive_rows_in_top20": 27,
    "positive_rows_in_top50": 78,
    "cutoff_tie_size": {
      "maximum": 1,
      "mean": 1.0,
      "median": 1.0
    },
    "deterministic_tie_break": "road_segment_id ascending after score descending",
    "precision_at_10_with_all_cutoff_ties": 0.0,
    "natural_prevalence": 0.0018931211597542242,
    "expected_positive_rows_in_top10_at_random": 3.1804435483870965,
    "top10_segment_frequency": {
      "10151537925_2473125961_0": 168,
      "10283911100_10283963125_0": 168,
      "1774378923_3270477086_0": 168,
      "2633362585_12744460691_0": 168,
      "2633614728_6184539538_0": 168,
      "267482564_2504744970_0": 168,
      "2680171166_4440521248_0": 168,
      "277328586_4907856432_0": 168,
      "798212936_1771857195_0": 168,
      "268160870_2635276528_0": 133,
      "6557359029_278445246_0": 35
    }
  }
}