{
  "threshold": 0.18556131282293417,
  "reproduced": {
    "validation": {
      "rows": 307968,
      "positive_rows": 51328,
      "prevalence": 0.16666666666666666,
      "pr_auc": 0.2828499272698683,
      "roc_auc": 0.642696946501178,
      "precision": 0.24245813626486004,
      "recall": 0.5912562344139651,
      "f1": 0.343894479194996,
      "brier_score": 0.1335436695221157,
      "expected_calibration_error_10_bins": 0.029847847470242626,
      "recall_at_top_10pct": 0.21302213216957605,
      "lift_at_top_10pct": 2.1302074877423127
    },
    "test": {
      "rows": 561510,
      "positive_rows": 93585,
      "prevalence": 0.16666666666666666,
      "pr_auc": 0.2556304458420362,
      "roc_auc": 0.6119725037777589,
      "precision": 0.20944462747507803,
      "recall": 0.604584067959609,
      "f1": 0.31111159987683107,
      "brier_score": 0.137846258527098,
      "expected_calibration_error_10_bins": 0.045116612948286866,
      "recall_at_top_10pct": 0.19948709729123257,
      "lift_at_top_10pct": 1.9948709729123257
    }
  },
  "reported": {
    "train": {
      "rows": 916398,
      "positive_rows": 152733,
      "positive_rate": 0.16666666666666666,
      "pr_auc": 0.38799305279722696,
      "roc_auc": 0.7288648236137588,
      "precision": 0.2953867078597057,
      "recall": 0.6285020264121047,
      "f1": 0.40189069869187594,
      "recall_at_top_10pct": 0.2775628056805013,
      "lift_at_top_10pct": 2.775621999127019,
      "confusion_matrix": {
        "tn": 534684,
        "fp": 228981,
        "fn": 56740,
        "tp": 95993
      }
    },
    "validation": {
      "rows": 307968,
      "positive_rows": 51328,
      "positive_rate": 0.16666666666666666,
      "pr_auc": 0.2828499272698683,
      "roc_auc": 0.642696946501178,
      "precision": 0.24245813626486004,
      "recall": 0.5912562344139651,
      "f1": 0.343894479194996,
      "recall_at_top_10pct": 0.21302213216957605,
      "lift_at_top_10pct": 2.1302074877423127,
      "confusion_matrix": {
        "tn": 161820,
        "fp": 94820,
        "fn": 20980,
        "tp": 30348
      }
    },
    "test": {
      "rows": 561510,
      "positive_rows": 93585,
      "positive_rate": 0.16666666666666666,
      "pr_auc": 0.2556304458420362,
      "roc_auc": 0.6119725037777589,
      "precision": 0.20944462747507803,
      "recall": 0.604584067959609,
      "f1": 0.31111159987683107,
      "recall_at_top_10pct": 0.19948709729123257,
      "lift_at_top_10pct": 1.9948709729123257,
      "confusion_matrix": {
        "tn": 254362,
        "fp": 213563,
        "fn": 37005,
        "tp": 56580
      }
    }
  }
}