{
  "generated_at_utc": "2026-07-11T10:42:27.919829+00:00",
  "horizon": "1h",
  "stage7a_feature_config": "C:\\Users\\Beknur\\Desktop\\test_arcgis_geometry.py\\reports\\stage7a\\1h\\20260711T090501Z\\training_dataset_1h_feature_config.json",
  "test_access_policy": "Test split was loaded only after tuning winner, stability and validation threshold were fixed.",
  "search": {
    "trial_count": 12,
    "seed": 20260711,
    "selection_rule": "max validation PR-AUC; then Recall@Top-10%, Lift@Top-10%, ROC-AUC, and smaller train-validation PR-AUC gap."
  },
  "winner": {
    "trial": 9,
    "name": "d6_small_border",
    "status": "completed",
    "params": {
      "iterations": 1000,
      "loss_function": "Logloss",
      "eval_metric": "PRAUC",
      "random_seed": 20260711,
      "allow_writing_files": false,
      "task_type": "GPU",
      "devices": "0",
      "depth": 6,
      "learning_rate": 0.04,
      "l2_leaf_reg": 3.0,
      "random_strength": 0.25,
      "bootstrap_type": "Bayesian",
      "bagging_temperature": 1.0,
      "border_count": 64
    },
    "best_iteration": 120,
    "training_seconds": 9.71860210000159,
    "train_pr_auc": 0.2365259008168451,
    "validation_pr_auc": 0.17843633239638007,
    "validation_roc_auc": 0.6604078158304569,
    "validation_recall_at_top_10pct": 0.22610015174506828,
    "validation_lift_at_top_10pct": 2.260689655172414,
    "train_validation_pr_auc_gap": 0.05808956842046503
  },
  "stability_three_seeds": {
    "runs": [
      {
        "seed": 20260711,
        "best_iteration": 120,
        "train_pr_auc": 0.2365259008168451,
        "validation_pr_auc": 0.17843633239638007,
        "validation_roc_auc": 0.6604078158304569,
        "validation_recall_at_top_10pct": 0.22610015174506828,
        "validation_lift_at_top_10pct": 2.260689655172414,
        "train_validation_pr_auc_gap": 0.05808956842046503
      },
      {
        "seed": 20260712,
        "best_iteration": 0,
        "train_pr_auc": 0.18027000095519588,
        "validation_pr_auc": 0.1349783798963721,
        "validation_roc_auc": 0.5869390376788812,
        "validation_recall_at_top_10pct": 0.20080930703085484,
        "validation_lift_at_top_10pct": 2.007816091954023,
        "train_validation_pr_auc_gap": 0.04529162105882378
      },
      {
        "seed": 20260713,
        "best_iteration": 0,
        "train_pr_auc": 0.18339592066890437,
        "validation_pr_auc": 0.14516802973790846,
        "validation_roc_auc": 0.6230169073838265,
        "validation_recall_at_top_10pct": 0.2144663631765301,
        "validation_lift_at_top_10pct": 2.144367816091954,
        "train_validation_pr_auc_gap": 0.038227890930995906
      }
    ],
    "pr_auc_mean": 0.1528609140102202,
    "pr_auc_std": 0.018556827318512242,
    "stable_threshold_std_max": 0.01
  },
  "threshold": {
    "rule": "maximum F1 on validation only",
    "value": 0.11911972876127734,
    "validation_f1": 0.23043372910104193
  },
  "candidate_metrics": {
    "validation": {
      "rows": 21747,
      "positive_rows": 1977,
      "positive_rate": 0.09090909090909091,
      "pr_auc": 0.17843633239638007,
      "roc_auc": 0.6604078158304569,
      "precision": 0.15150549625617332,
      "recall": 0.48103186646433993,
      "f1": 0.2304337291010419,
      "recall_at_top_10pct": 0.22610015174506828,
      "lift_at_top_10pct": 2.260689655172414,
      "confusion_matrix": {
        "tn": 14444,
        "fp": 5326,
        "fn": 1026,
        "tp": 951
      }
    },
    "test": {
      "rows": 22110,
      "positive_rows": 2010,
      "positive_rate": 0.09090909090909091,
      "pr_auc": 0.16135272982888765,
      "roc_auc": 0.6518339521298978,
      "precision": 0.14265714685706285,
      "recall": 0.5069651741293533,
      "f1": 0.22265923740849994,
      "recall_at_top_10pct": 0.20696517412935322,
      "lift_at_top_10pct": 2.0696517412935322,
      "confusion_matrix": {
        "tn": 13976,
        "fp": 6124,
        "fn": 991,
        "tp": 1019
      }
    },
    "calibration": {
      "validation": {
        "brier_score": 0.0801001377015311,
        "expected_calibration_error_10_bins": 0.013689258891299872,
        "bins": [
          {
            "bin": 0,
            "rows": 13089,
            "mean_prediction": 0.06757900779606227,
            "observed_rate": 0.05898082359232944
          },
          {
            "bin": 1,
            "rows": 6905,
            "mean_prediction": 0.13596662928455092,
            "observed_rate": 0.11875452570601014
          },
          {
            "bin": 2,
            "rows": 1474,
            "mean_prediction": 0.23592466379748483,
            "observed_rate": 0.19402985074626866
          },
          {
            "bin": 3,
            "rows": 256,
            "mean_prediction": 0.3335179846084211,
            "observed_rate": 0.33203125
          },
          {
            "bin": 4,
            "rows": 23,
            "mean_prediction": 0.4271501582884015,
            "observed_rate": 0.6086956521739131
          },
          {
            "bin": 5,
            "rows": 0,
            "mean_prediction": null,
            "observed_rate": null
          },
          {
            "bin": 6,
            "rows": 0,
            "mean_prediction": null,
            "observed_rate": null
          },
          {
            "bin": 7,
            "rows": 0,
            "mean_prediction": null,
            "observed_rate": null
          },
          {
            "bin": 8,
            "rows": 0,
            "mean_prediction": null,
            "observed_rate": null
          },
          {
            "bin": 9,
            "rows": 0,
            "mean_prediction": null,
            "observed_rate": null
          }
        ]
      },
      "test": {
        "brier_score": 0.08096641512004069,
        "expected_calibration_error_10_bins": 0.018104018296616703,
        "bins": [
          {
            "bin": 0,
            "rows": 12585,
            "mean_prediction": 0.06715210687048373,
            "observed_rate": 0.060071513706793804
          },
          {
            "bin": 1,
            "rows": 7381,
            "mean_prediction": 0.13835776332144448,
            "observed_rate": 0.11475409836065574
          },
          {
            "bin": 2,
            "rows": 1776,
            "mean_prediction": 0.2359709564257125,
            "observed_rate": 0.17004504504504506
          },
          {
            "bin": 3,
            "rows": 351,
            "mean_prediction": 0.33517798340933536,
            "observed_rate": 0.28205128205128205
          },
          {
            "bin": 4,
            "rows": 17,
            "mean_prediction": 0.424708100519633,
            "observed_rate": 0.35294117647058826
          },
          {
            "bin": 5,
            "rows": 0,
            "mean_prediction": null,
            "observed_rate": null
          },
          {
            "bin": 6,
            "rows": 0,
            "mean_prediction": null,
            "observed_rate": null
          },
          {
            "bin": 7,
            "rows": 0,
            "mean_prediction": null,
            "observed_rate": null
          },
          {
            "bin": 8,
            "rows": 0,
            "mean_prediction": null,
            "observed_rate": null
          },
          {
            "bin": 9,
            "rows": 0,
            "mean_prediction": null,
            "observed_rate": null
          }
        ]
      }
    }
  },
  "stage7b": {
    "validation_pr_auc": 0.17420082347347715,
    "test_metrics_recomputed_with_candidate_threshold": {
      "rows": 22110,
      "positive_rows": 2010,
      "positive_rate": 0.09090909090909091,
      "pr_auc": 0.15773494675427516,
      "roc_auc": 0.6384479468329992,
      "precision": 0.1188136826783115,
      "recall": 0.6497512437810945,
      "f1": 0.20089217043531762,
      "recall_at_top_10pct": 0.2109452736318408,
      "lift_at_top_10pct": 2.1094527363184077,