{
  "rule": "Maximum F1 selected exclusively on validation probabilities.",
  "threshold": 0.18440954217215164,
  "validation_f1_at_threshold": 0.22818284850774462
}