{
  "historical_baseline": {
    "natural_prevalence": 0.0014295914938556066,
    "pr_auc": 0.005774020410227241,
    "pr_auc_over_prevalence": 3.7986857388071513,
    "roc_auc": 0.5762191236411145,
    "precision_at_10": 0.014285714285714285,
    "precision_at_20": 0.009523809523809523,
    "precision_at_50": 0.006666666666666668,
    "recall_at_1pct": 0.045846129179462514,
    "recall_at_5pct": 0.17348411370937047,
    "recall_at_10pct": 0.3052581272731833,
    "lift_at_1pct": 4.547936014602681,
    "lift_at_5pct": 3.459220920596895,
    "lift_at_10pct": 3.051043448413076
  },
  "models": {
    "stage7b_frozen_reference": {
      "natural_prevalence": 0.0014295914938556066,
      "pr_auc": 0.003568385717732561,
      "pr_auc_over_prevalence": 2.3527879121322592,
      "roc_auc": 0.632496025009362,
      "precision_at_10": 0.0005952380952380953,
      "precision_at_20": 0.003075396825396826,
      "precision_at_50": 0.005158730158730159,
      "recall_at_1pct": 0.03398311344739916,
      "recall_at_5pct": 0.1922413001719724,
      "recall_at_10pct": 0.29076700675090034,
      "lift_at_1pct": 3.3711248539819976,
      "lift_at_5pct": 3.833233563228074,
      "lift_at_10pct": 2.9062052463163037
    },
    "catboost_candidate": {
      "natural_prevalence": 0.0014295914938556066,
      "pr_auc": 0.003777976547632915,
      "pr_auc_over_prevalence": 2.5123769891686423,
      "roc_auc": 0.6354631332103365,
      "precision_at_10": 0.004761904761904762,
      "precision_at_20": 0.007440476190476191,
      "precision_at_50": 0.006944444444444444,
      "recall_at_1pct": 0.05236792528459194,
      "recall_at_5pct": 0.16924076545925282,
      "recall_at_10pct": 0.2419567419042209,
      "lift_at_1pct": 5.194898188231522,
      "lift_at_5pct": 3.374609835891032,
      "lift_at_10pct": 2.418348493390299
    },
    "lightgbm": {
      "natural_prevalence": 0.0014295914938556066,
      "pr_auc": 0.0022086715210303727,
      "pr_auc_over_prevalence": 1.501590417976427,
      "roc_auc": 0.602845327779707,
      "precision_at_10": 0.0017857142857142857,
      "precision_at_20": 0.002678571428571429,
      "precision_at_50": 0.0022619047619047623,
      "recall_at_1pct": 0.013702286470143613,
      "recall_at_5pct": 0.11379610691293697,
      "recall_at_10pct": 0.15859130192696955,
      "lift_at_1pct": 1.359266817838246,
      "lift_at_5pct": 2.2690600614599696,
      "lift_at_10pct": 1.5851140706453777
    },
    "xgboost": {
      "natural_prevalence": 0.0014295914938556066,
      "pr_auc": 0.002422449773728588,
      "pr_auc_over_prevalence": 1.6496949001013796,
      "roc_auc": 0.625217935562392,
      "precision_at_10": 0.0005952380952380953,
      "precision_at_20": 0.00029761904761904765,
      "precision_at_50": 0.0030952380952380953,
      "recall_at_1pct": 0.01396123717552289,
      "recall_at_5pct": 0.11242236437439518,
      "recall_at_10pct": 0.20292210836678626,
      "lift_at_1pct": 1.3849547278118708,
      "lift_at_5pct": 2.2416680494351766,
      "lift_at_10pct": 2.0281988060438483
    },
    "hist_gradient_boosting": {
      "natural_prevalence": 0.0014295914938556066,
      "pr_auc": 0.0029646609477970488,
      "pr_auc_over_prevalence": 2.006659391010903,
      "roc_auc": 0.6352420018341122,
      "precision_at_10": 0.0,
      "precision_at_20": 0.0024801587301587305,
      "precision_at_50": 0.003134920634920635,
      "recall_at_1pct": 0.0223829136031517,
      "recall_at_5pct": 0.1511077571622623,
      "recall_at_10pct": 0.20124275115813398,
      "lift_at_1pct": 2.2203850294326486,
      "lift_at_5pct": 3.013043117687723,
      "lift_at_10pct": 2.0114136941951526
    },
    "extra_trees": {
      "natural_prevalence": 0.0014295914938556066,
      "pr_auc": 0.00270857104345151,
      "pr_auc_over_prevalence": 1.7980314711011218,
      "roc_auc": 0.5787141321102373,
      "precision_at_10": 0.003174603174603174,
      "precision_at_20": 0.0052579365079365075,
      "precision_at_50": 0.005119047619047619,
      "recall_at_1pct": 0.03223391661767012,
      "recall_at_5pct": 0.16421826748915916,
      "recall_at_10pct": 0.23256911404378722,
      "lift_at_1pct": 3.1976045284728762,
      "lift_at_5pct": 3.27446274068836,
      "lift_at_10pct": 2.324519507621531
    },
    "logistic_regression": {
      "natural_prevalence": 0.0014295914938556066,
      "pr_auc": 0.0060348105966416534,
      "pr_auc_over_prevalence": 4.078568294693759,
      "roc_auc": 0.623243674390248,
      "precision_at_10": 0.013095238095238096,
      "precision_at_20": 0.009523809523809523,
      "precision_at_50": 0.0047619047619047615,
      "recall_at_1pct": 0.033104571795047985,
      "recall_at_5pct": 0.18140254936473424,
      "recall_at_10pct": 0.2732614354988304,
      "lift_at_1pct": 3.2839735220687607,
      "lift_at_5pct": 3.6171121400968116,
      "lift_at_10pct": 2.731237723071434
    }
  }
}