{
  "autumn": {
    "stage7b_frozen_reference": {
      "natural_prevalence": 0.0018931211597542242,
      "pr_auc": 0.005857766591160944,
      "pr_auc_over_prevalence": 3.0942375563122613,
      "roc_auc": 0.6645427149267091,
      "precision_at_10": 0.0,
      "precision_at_20": 0.008035714285714287,
      "precision_at_50": 0.009285714285714286,
      "recall_at_1pct": 0.042723149866007004,
      "recall_at_5pct": 0.2911116000401715,
      "recall_at_10pct": 0.3409273596773597,
      "lift_at_1pct": 4.238136466707895,
      "lift_at_5pct": 5.804677532459299,
      "lift_at_10pct": 3.4075560785888244
    },
    "catboost_candidate": {
      "natural_prevalence": 0.0018931211597542242,
      "pr_auc": 0.005743517400516663,
      "pr_auc_over_prevalence": 3.033887910936625,
      "roc_auc": 0.6614783225066224,
      "precision_at_10": 0.0,
      "precision_at_20": 0.014285714285714285,
      "precision_at_50": 0.011785714285714285,
      "recall_at_1pct": 0.07626477358620216,
      "recall_at_5pct": 0.24727339459482311,
      "recall_at_10pct": 0.3158423256637542,
      "lift_at_1pct": 7.565465539751254,
      "lift_at_5pct": 4.930556933428434,
      "lift_at_10pct": 3.1568321114200923
    },
    "lightgbm": {
      "natural_prevalence": 0.0018931211597542242,
      "pr_auc": 0.0031639987487970204,
      "pr_auc_over_prevalence": 1.6713133929620168,
      "roc_auc": 0.5793555692531489,
      "precision_at_10": 0.005357142857142857,
      "precision_at_20": 0.008035714285714287,
      "precision_at_50": 0.006785714285714286,
      "recall_at_1pct": 0.04110685941043084,
      "recall_at_5pct": 0.1569991020883878,
      "recall_at_10pct": 0.1969328786293072,
      "lift_at_1pct": 4.0778004535147385,
      "lift_at_5pct": 3.1305147592297633,
      "lift_at_10pct": 1.9683366811110605
    },
    "xgboost": {
      "natural_prevalence": 0.0018931211597542242,
      "pr_auc": 0.003376207436579275,
      "pr_auc_over_prevalence": 1.78340800808417,
      "roc_auc": 0.5949519163837227,
      "precision_at_10": 0.0017857142857142859,
      "precision_at_20": 0.0008928571428571429,
      "precision_at_50": 0.006666666666666666,
      "recall_at_1pct": 0.021262963227248938,
      "recall_at_5pct": 0.15391597489811776,
      "recall_at_10pct": 0.2492433492433492,
      "lift_at_1pct": 2.1092859521430953,
      "lift_at_5pct": 3.069038132641866,
      "lift_at_10pct": 2.4911778584322666
    },
    "hist_gradient_boosting": {
      "natural_prevalence": 0.0018931211597542242,
      "pr_auc": 0.004256469020295201,
      "pr_auc_over_prevalence": 2.2483870080707353,
      "roc_auc": 0.6529322924583061,
      "precision_at_10": 0.0,
      "precision_at_20": 0.0,
      "precision_at_50": 0.0033333333333333335,
      "recall_at_1pct": 0.018962799766371195,
      "recall_at_5pct": 0.19438937385365954,
      "recall_at_10pct": 0.26966203439417724,
      "lift_at_1pct": 1.8811097368240226,
      "lift_at_5pct": 3.876065504780509,
      "lift_at_10pct": 2.695261845027948
    },
    "extra_trees": {
      "natural_prevalence": 0.0018931211597542242,
      "pr_auc": 0.004516572179568807,
      "pr_auc_over_prevalence": 2.3857808340989513,
      "roc_auc": 0.5981497758228542,
      "precision_at_10": 0.008928571428571428,
      "precision_at_20": 0.011607142857142858,
      "precision_at_50": 0.009404761904761905,
      "recall_at_1pct": 0.05476636458779316,
      "recall_at_5pct": 0.21460284094212664,
      "recall_at_10pct": 0.3111971361971362,
      "lift_at_1pct": 5.432823367109082,
      "lift_at_5pct": 4.279115944011853,
      "lift_at_10pct": 3.110403618212182
    },
    "logistic_regression": {
      "natural_prevalence": 0.0018931211597542242,
      "pr_auc": 0.0075981174461853766,
      "pr_auc_over_prevalence": 4.013539971827163,
      "roc_auc": 0.6448191833287792,
      "precision_at_10": 0.025,
      "precision_at_20": 0.021428571428571425,
      "precision_at_50": 0.011428571428571429,
      "recall_at_1pct": 0.07819693533979248,
      "recall_at_5pct": 0.21337531516102948,
      "recall_at_10pct": 0.3160639294567866,
      "lift_at_1pct": 7.757135985707415,
      "lift_at_5pct": 4.254639450045049,
      "lift_at_10pct": 3.1590470329585116
    },
    "historical_baseline": {
      "natural_prevalence": 0.0018931211597542242,
      "pr_auc": 0.00863666988065382,
      "pr_auc_over_prevalence": 4.562132664438171,
      "roc_auc": 0.607293498336625,
      "precision_at_10": 0.02857142857142857,
      "precision_at_20": 0.021428571428571425,
      "precision_at_50": 0.014285714285714287,
      "recall_at_1pct": 0.08983430590573446,
      "recall_at_5pct": 0.24473960232888806,
      "recall_at_10pct": 0.33418132793132793,
      "lift_at_1pct": 8.91156314584886,
      "lift_at_5pct": 4.880033879603155,
      "lift_at_10pct": 3.3401297461750863
    }
  },
  "winter": {
    "stage7b_frozen_reference": {
      "natural_prevalence": 0.001068068356374808,
      "pr_auc": 0.0017093093299893516,
      "pr_auc_over_prevalence": 1.6003744702174458,
      "roc_auc": 0.5735249978537502,
      "precision_at_10": 0.0,
      "precision_at_20": 0.0,
      "precision_at_50": 0.0,
      "recall_at_1pct": 0.0,
      "recall_at_5pct": 0.12854030501089322,
      "recall_at_10pct": 0.2660675381263617,
      "lift_at_1pct": 0.0,
      "lift_at_5pct": 2.563054926046354,
      "lift_at_10pct": 2.659334990643333
    },
    "catboost_candidate": {
      "natural_prevalence": 0.001068068356374808,
      "pr_auc": 0.001596960584305098,
      "pr_auc_over_prevalence": 1.4951857479660133,
      "roc_auc": 0.5759376633309581,
      "precision_at_10": 0.0,
      "precision_at_20": 0.0,
      "precision_at_50": 0.0,
      "recall_at_1pct": 0.0,
      "recall_at_5pct": 0.10337690631808279,
      "recall_at_10pct": 0.1613600995953937,
      "lift_at_1pct": 0.0,
      "lift_at_5pct": 2.061304343066093,
      "lift_at_10pct": 1.6127880987267564
    },
    "lightgbm": {
      "natural_prevalence": 0.001068068356374808,
      "pr_auc": 0.001233201458929594,
      "pr_auc_over_prevalence": 1.154609114266126,
      "roc_auc": 0.5798770830771445,
      "precision_at_10": 0.0,
      "precision_at_20": 0.0,
      "precision_at_50": 0.0,
      "recall_at_1pct": 0.0,
      "recall_at_5pct": 0.03542379914928935,
      "recall_at_10pct": 0.09161738769581905,
      "lift_at_1pct": 0.0,
      "lift_at_5pct": 0.7063398744943724,
      "lift_at_10pct": 0.9157123284055667
    },
    "xgboost": {
      "natural_prevalence": 0.001068068356374808,
      "pr_auc": 0.0012822704217581428,
      "pr_auc_over_prevalence": 1.2005508955535114,
      "roc_auc": 0.5879009357412817,
      "precision_at_10": 0.0,
      "precision_at_20": 0.0,
      "precision_at_50": 0.0,
      "recall_at_1pct": 0.0,
      "recall_at_5pct": 0.0662309368191721,
      "recall_at_10pct": 0.12745098039215685,
      "lift_at_1pct": 0.0,
      "lift_at_5pct": 1.3206249110476127,
      "lift_at_10pct": 1.2738677334913813
    },
    "hist_gradient_boosting": {
      "natural_prevalence": 0.001068068356374808,
      "pr_auc": 0.0015211032320192007,
      "pr_auc_over_prevalence": 1.4241628103111905,
      "roc_auc": 0.5986026578856929,
      "precision_at_10": 0.0,
      "precision_at_20": 0.0,
      "precision_at_50": 0.0,
      "recall_at_1pct": 0.0,
      "recall_at_5pct": 0.11222896566033821,
      "recall_at_10pct": 0.12476916692602966,
      "lift_at_1pct": 0.0,
      "lift_at_5pct": 2.237811737388051,
      "lift_at_10pct": 1.247063109225405
    },
    "extra_trees": {
      "natural_prevalence": 0.001068068356374808,
      "pr_auc": 0.001583072028562651,
      "pr_auc_over_prevalence": 1.4821823145625683,
      "roc_auc": 0.563377010683397,
      "precision_at_10": 0.0005952380952380953,
      "precision_at_20": 0.0041666666666666675,
      "precision_at_50": 0.002857142857142857,
      "recall_at_1pct": 0.025708061002178647,
      "recall_at_5pct": 0.16285921776117854,
      "recall_at_10pct": 0.20044869799771758,