{
  "checkpoint": "C:\\Users\\yedil\\OneDrive\\\u0420\u0430\u0431\u043e\u0447\u0438\u0439 \u0441\u0442\u043e\u043b\\bim\\ML_CJ_stage19\\data\\audit\\stage19h\\evaluation_checkpoint.json",
  "decision": {
    "best_experimental_tree_candidate": "catboost_candidate",
    "best_production_model": "stage7b_frozen_reference",
    "best_small_budget_comparator": "historical_baseline / unconverged_logistic_regression",
    "recommended_next_step": "hybrid operational ranking study, not more model-family training",
    "replacement_approved": false,
    "replacement_reason": "No experimental candidate improves frozen Recall@5% by 3% while preserving Lift@5%."
  },
  "robustness": {
    "catboost_candidate": {
      "lift_at_5pct": {
        "max": 4.930556933428434,
        "mean": 3.374609835891032,
        "min": 2.061304343066093,
        "std": 1.1838662137472378
      },
      "pr_auc": {
        "max": 0.005743517400516663,
        "mean": 0.003777976547632915,
        "min": 0.001596960584305098,
        "std": 0.0016996677126099897
      },
      "precision_at_20": {
        "max": 0.014285714285714285,
        "mean": 0.007440476190476191,
        "min": 0.0,
        "std": 0.005847286519163245
      },
      "precision_at_50": {
        "max": 0.011785714285714285,
        "mean": 0.006944444444444444,
        "min": 0.0,
        "std": 0.005036087956916653
      },
      "recall_at_5pct": {
        "max": 0.24727339459482311,
        "mean": 0.16924076545925282,
        "min": 0.10337690631808279,
        "std": 0.05937232271565025
      },
      "roc_auc": {
        "max": 0.6689734137934291,
        "mean": 0.6354631332103365,
        "min": 0.5759376633309581,
        "std": 0.04220193733009568
      }
    },
    "extra_trees": {
      "lift_at_5pct": {
        "max": 4.279115944011853,
        "mean": 3.27446274068836,
        "min": 2.2969085791770647,
        "std": 0.8094596048606226
      },
      "pr_auc": {
        "max": 0.004516572179568807,
        "mean": 0.00270857104345151,
        "min": 0.001583072028562651,
        "std": 0.0012911784392817987
      },
      "precision_at_20": {
        "max": 0.011607142857142858,
        "mean": 0.0052579365079365075,
        "min": 0.0,
        "std": 0.004801013346255103
      },
      "precision_at_50": {
        "max": 0.009404761904761905,
        "mean": 0.005119047619047619,
        "min": 0.002857142857142857,
        "std": 0.003032016110300487
      },
      "recall_at_5pct": {
        "max": 0.21460284094212664,
        "mean": 0.16421826748915916,
        "min": 0.11519274376417235,
        "std": 0.04059537836876608
      },
      "roc_auc": {
        "max": 0.5981497758228542,
        "mean": 0.5787141321102373,
        "min": 0.563377010683397,
        "std": 0.014488724640359012
      }
    },
    "hist_gradient_boosting": {
      "lift_at_5pct": {
        "max": 3.876065504780509,
        "mean": 3.013043117687723,
        "min": 2.237811737388051,
        "std": 0.6716890636046846
      },
      "pr_auc": {
        "max": 0.004256469020295201,
        "mean": 0.0029646609477970488,
        "min": 0.0015211032320192007,
        "std": 0.0011218518810711547
      },
      "precision_at_20": {
        "max": 0.007440476190476192,
        "mean": 0.0024801587301587305,
        "min": 0.0,
        "std": 0.00350747411302851
      },
      "precision_at_50": {
        "max": 0.006071428571428571,
        "mean": 0.003134920634920635,
        "min": 0.0,
        "std": 0.0024826178285106432
      },
      "recall_at_5pct": {
        "max": 0.19438937385365954,
        "mean": 0.1511077571622623,
        "min": 0.11222896566033821,
        "std": 0.03368601906686798
      },
      "roc_auc": {
        "max": 0.6541910551583375,
        "mean": 0.6352420018341122,
        "min": 0.5986026578856929,
        "std": 0.025913024583680874
      }
    },
    "historical_baseline": {
      "lift_at_5pct": {
        "max": 4.880033879603155,
        "mean": 3.459220920596895,
        "min": 0.829631297894181,
        "std": 1.8614145222565783
      },
      "pr_auc": {
        "max": 0.00863666988065382,
        "mean": 0.005774020410227241,
        "min": 0.0015936623570309088,
        "std": 0.0030224995920905195
      },
      "precision_at_20": {
        "max": 0.021428571428571425,
        "mean": 0.009523809523809523,
        "min": 0.0,
        "std": 0.008908708063747477
      },
      "precision_at_50": {
        "max": 0.014285714285714287,
        "mean": 0.006666666666666668,
        "min": 0.0,
        "std": 0.005870870479018073
      },
      "recall_at_5pct": {
        "max": 0.24473960232888806,
        "mean": 0.17348411370937047,
        "min": 0.041607013175640625,
        "std": 0.09335219000228302
      },
      "roc_auc": {
        "max": 0.607293498336625,
        "mean": 0.5762191236411145,
        "min": 0.5148332793340039,
        "std": 0.04340746415855518
      }
    },
    "lightgbm": {
      "lift_at_5pct": {
        "max": 3.1305147592297633,
        "mean": 2.2690600614599696,
        "min": 0.7063398744943724,
        "std": 1.106943519395708
      },
      "pr_auc": {
        "max": 0.0031639987487970204,
        "mean": 0.0022086715210303727,
        "min": 0.001233201458929594,
        "std": 0.0007883733650037943
      },
      "precision_at_20": {
        "max": 0.008035714285714287,
        "mean": 0.002678571428571429,
        "min": 0.0,
        "std": 0.003788072042070791
      },
      "precision_at_50": {
        "max": 0.006785714285714286,
        "mean": 0.0022619047619047623,
        "min": 0.0,
        "std": 0.0031988163910820007
      },
      "recall_at_5pct": {
        "max": 0.1569991020883878,
        "mean": 0.11379610691293697,
        "min": 0.03542379914928935,
        "std": 0.05551455654227465
      },
      "roc_auc": {
        "max": 0.6493033310088276,
        "mean": 0.602845327779707,
        "min": 0.5793555692531489,
        "std": 0.03285145904618639
      }
    },
    "logistic_regression": {
      "lift_at_5pct": {
        "max": 4.254639450045049,
        "mean": 3.6171121400968116,
        "min": 2.9071745281026984,
        "std": 0.552477974129924
      },
      "pr_auc": {
        "max": 0.00882176277085641,
        "mean": 0.0060348105966416534,
        "min": 0.001684551572883172,
        "std": 0.0031163966532403403
      },
      "precision_at_20": {
        "max": 0.021428571428571425,
        "mean": 0.009523809523809523,
        "min": 0.0,
        "std": 0.008908708063747477
      },
      "precision_at_50": {
        "max": 0.011428571428571429,
        "mean": 0.0047619047619047615,
        "min": 0.0,
        "std": 0.004856209060564557
      },
      "recall_at_5pct": {
        "max": 0.21337531516102948,
        "mean": 0.18140254936473424,
        "min": 0.14579831932773107,
        "std": 0.02770743872274571
      },
      "roc_auc": {
        "max": 0.6448191833287792,
        "mean": 0.623243674390248,
        "min": 0.5820559083556744,
        "std": 0.029135175105455553
      }
    },
    "stage7b_frozen_reference": {
      "lift_at_5pct": {
        "max": 5.804677532459299,
        "mean": 3.833233563228074,
        "min": 2.563054926046354,
        "std": 1.413237201145592
      },
      "pr_auc": {
        "max": 0.005857766591160944,
        "mean": 0.003568385717732561,
        "min": 0.0017093093299893516,
        "std": 0.001720716105723121
      },
      "precision_at_20": {
        "max": 0.008035714285714287,
        "mean": 0.003075396825396826,
        "min": 0.0,
        "std": 0.003540985773328323
      },
      "precision_at_50": {
        "max": 0.009285714285714286,
        "mean": 0.005158730158730159,
        "min": 0.0,
        "std": 0.0038604401609572416
      },
      "recall_at_5pct": {
        "max": 0.2911116000401715,
        "mean": 0.1922413001719724,
        "min": 0.12854030501089322,
        "std": 0.0708755551985819
      },